series,episode,baker,result,signature,signature_ingredients,showstopper,showstopper_ingredients
8,1,Chris,IN,Tropical Fresh Fruit Cake,"mango, pineapple, limoncello liqueur",'Raised Pork Pie and Egg Surprise' Cake,"almond extract, marzipan"
8,1,Flo,IN,Citrus Layer Cake,"lemon curd, candied oranges, candied lemons, buttercream",'One in a Melon' Cake,"melon syrup, chocolate chips, fondant"
8,1,James,IN,"Orange, Rhubarb & Ginger Crumble Cake","orange zest, orange juice, ginger, rhubarb,",'Mock-accino and Croissant' Cake,"coffee buttercream, coffee sponge, marshmallow fondant"
8,1,Julia,IN,Courgette and Lemon Cake,"lemon, zucchini, candied lemon, blueberry",'Russian Doll' Cake,"victoria sponge, raspberry jam, buttercream, fondant"
8,1,Kate,IN,Moroccan Strawberry and Rose Cake,"strawberry, cream cheese frosting, rose water",'Chocolate Terrarium' Cake,"glacier mints, chocolate and coffee butter cream, star anise, chocolate"
8,1,Liam,IN,Apple and Almond Crumble Maple Loaf,"bramley apples, granny smith apples, maple syrup glaze, flaked almonds, nutmeg, cinnamon",'Stackin' Sunday' Cake,"banana, blueberry, marshmallow fondant, granola crumble"
8,1,Sophie,IN,Pineapple and Coconut Sandwich Cake,"toasted coconut flakes, pineapple, coconut, coconut italian meringue buttercream",'Champagne Bottle and Bucket' Cake,"chocolate, cherry syrup, chocolate ganache"
8,1,Stacey,IN,Granny Smith Apple and Walnut Cake,"granny smith apple, walnut streusel, caramel sauce, cinnamon, nutmeg",'Black Evening Clutch Bag' Cake,"red velvet chocolate, chocolate cream cheese frosting"
8,1,Tom,IN,Gilded Pear and Cardamom Cake,"pear, blakc berry compote, blackberry, green cardamom",'Stack of Books' Cake,"lemon zest, poppy seed"
8,1,Yan,IN,Windfall Apple Crumble Cake,"diced bramley apples, ground cinnamon, caramel",'Banana-ramen' Cake,"banana, marshmallow fondant, mango, rice krispies"
8,1,Peter,OUT,Coconut Cake,"coconut milk, coconut flour, fresh coconut, coconut sugar, buttercream frosting",'Bread on a Breadboard' Cake,"lemon zest, marshmallow fondant "
8,1,Steven,STAR BAKER,Bonfire Night Cake,"mini toffee apples, mascarpone cinnamon cream, candied citrus zest",'A Baker's Lunch' Cake,"hazelnut liqueur, fondant, peanut buttercream, chocolate"
8,2,Flo,IN,Gin Jam Butties,"raspberry gin, raspberry, buttercream",'Pick My Bones' Game,"almond, vanilla extract"
8,2,James,IN,Rhubarb and Custard Whirls,"rhubarb curd, vanilla buttercream, custard powder",'Coppit' Game,"spiced orange, chocolate, ginger, cocoa powder"
8,2,Julia,IN,Middle Eastern Delight Sandwich Biscuits,"pistachio extract, pistachio, cardamom, vanilla and rose jelly, rose water",'A British Baking' Game,"ginger, cocoa powder, lime juice, chocolate, orange liqueur"
8,2,Kate,IN,Coconut Seashells for a Titanic Afternoon Tea,"desiccated coconut, coconut rum cream, pineapple, pineapple curd",'Jungle' Game,"grains of paradise, lemon zest, orange zest, cardamom"
8,2,Liam,IN,Coffee Malted Pecan Shorties,"coffee buttercream, chopped peacan, malt extract",'Classroom Classics' Game,"chocolate, orange, lemon, honey, ginger, cinnamon, cocoa icing"
8,2,Sophie,IN,Lemon Limoncino Sandwich Biscuits,"limoncino, lemon zest, yuzu juice",'Snakes and Ladders' Game,"dark chocolate, bergamot oil, lemon zest, royal icing"
8,2,Stacey,IN,Sparkly Chocolate and Marshmallow Fluff Cookies,"marshmallow fluff, chocolate, cocoa powder",'Get to School' Game,"cocoa powder, freeze-dried strawberries, vanilla, chocolate"
8,2,Tom,IN,Coffee and Amaretto Kisses,"amaretto liqueur butter cream, espresso powder, chocolate ganache",'Drain Pipes and Ladders' Game,"chocolate, cinnamon buttercream, cocoa powder, peppermint essence, cinnamon, nutmeg"
8,2,Yan,IN,'Mrs. Marian's PB 'n' B' Biscuits,"peanut butter, vanilla extract, banana butter cream",'Adventures in Bakeland' Game,"lemon zest, matcha powder, orange, cardamom"
8,2,Chris,OUT,Chocolate Chia Seed Biscuits with Whisky Caramel Filling,"whiskey, orange, dark chocolate, salted caramel, chia seed",'The Great British Sail Off' Game,"rum, ginger, cardamom, orange zest,"
8,2,Steven,STAR BAKER,Amarpressi Biscuits,"amoretti dough, ground almonds, ground coffee, coffee cream",'Check Bake' Game,"espresso powder, ginger, orange zest, mixed spice"
8,2,Peter,NA,NA,NA,NA,NA
8,3,James,IN,Nordic Teacakes,"cardamom, orange zest, lemon zest, port soaked sultanas, port soaked cranberries",'Owl in the Woods' Bread Sculpture,"raisin, saffron, walnuts, chocolate, sultanas, green tea, lemon zest"
8,3,Kate,IN,Blueberry Buns,"blueberry compote, cardamom, cinnamon butter",'Kraken' Bread Sculpture,"red dulse seaweed, paprika, basil, algae, smoked garlic"
8,3,Liam,IN,Jamaican Spiced Teacakes,"cherry, raisins, irish stout, ginger, cinnamon, almond butter",'Kneadapolitan' Bread Sculpture,"dried apricots, beetroot, cocoa powder"
8,3,Sophie,IN,Tagine Teacakes,"medjool dates, sumac, fig jam, almonds, apricots",'Picnic Basket' Bread Sculpture,"apple compote, pandan powder, cinnamon, walnuts, tortilla, beetroot"
8,3,Stacey,IN,Cranberry and Cinnamon Teacakes,"cranberry, cinnamon, whipped orange butter, wine jam, dried cranberries",'Ascot Hat' Bread Sculpture,"turmeric, lemon, poppy seeds, sesame seeds, activated charcoal, pesto, tomato sauce"
8,3,Steven,IN,Madras Cocktail Teacakes,"orange zest, dried cranberries, cardamom, vodka butter",'The Bag I Knead' Bread Sculpture,"chorizo, manchego, onion, garlic, spinach, beetroot, chilli chocolate, quince, sherry, chocolate, peppermint"
8,3,Tom,IN,Orange and Cranberry Teacakes,"cranberry, orange, mixed spice, white chocolate, apricot jam",'Pink & Yellow Rose Centrepiece' Bread Sculpture,"beetroot, turmeric, cumin, nigella seeds, pesto"
8,3,Yan,IN,'Mrs P's' Masala Chai Spiced Teacakes,"mango chutney, masala chai milk, crystallised ginger, sultanas, honey",'Basil the Vegetarian Dragon with his Pumpkin Hoard' Bread Sculpture,"white chocolate, raspberry glaze, parmesan cheese, spinach, coriander, basil, turmeric"
8,3,Flo,OUT,Cinnamon and Orange Teacakes,"orange, whisky, cinnamon, nutmeg, sultanas, candied peel",'Davy Jones' Locker' Bread Sculpture,"smoked paprika, sesame seeds, turmeric, beetroot, squid ink"
8,3,Julia,STAR BAKER,Earl Grey Dried Fruit Teacakes,"sultanas, currants, raisins, candied mixed peels, earl grey, cherry, orange marmalade, cinnamon, nutmeg",'The Snail Under a Mushroom' Bread Sculpture,"goats cheese, onion, spinach, parsley, cheddar, bacon, red pepper, paprika, potato, beetroot "
8,3,Chris,NA,NA,NA,NA,NA
8,3,Peter,NA,NA,NA,NA,NA
8,4,James,IN,'Windy City' Millionaire Shortbreads,"maple syrup, pecan, chocolate",Nutty Caramel Cake,"muscovado sugar, amaretto liqueur, peanut praline, honey comb, hazelnuts, sesame brittle"
8,4,Julia,IN,Pecan Salted Caramel Millionaire Shortbreads,"pecan, sea salt, golden syrup",Poppy Seed Caramel Cake,"caramelised walnut, poppy seeds, prunes, shards, caramel buttercream"
8,4,Liam,IN,Salted Peanut Butter Millionaire Shortbreads,"walnut, peanut butter, peanut butter oil, honey, peanut, dark chocolate",White Layered Ginger Caramel Cake,"black treacle, white chocolate buttercream, cinnamon, macadamia praline, ginger syrup, spiced caramel"
8,4,Sophie,IN,Jaffa Millionaire Shortbreads,"dark chocolate, orange zest, orange juice",Bird's Nest Caramel Cake,"hazelnuts, salted caramel ganache, chocolate, italian meringue butter cream, "
8,4,Stacey,IN,Rum Salted Caramel Millionaire Shortbreads,"rum, lime zest, chilli flakes, chocolate",Chocolate and Coffee Caramel Cake,"chocolate ganache, coffee essence, caramel buttercream"
8,4,Steven,IN,Orange Macadamia Nut Millionaire Shortbreads,"orange zest, macadamia nuts, coffee liqueur, chocolate",Caramel Crown Cake,"freeze-dried raspberries, red velvet, cocoa powder, caramel buttercream"
8,4,Yan,IN,'Lil' Red's Ginger and Nuts' Millionaire Shortbreads,"orange extract, crystalized ginger, hazelnuts, chocolate",Animals of the Rainforest Caramel Cake,"orange curd, cocoa powder, praline, orange zest, orange juice"
8,4,Tom,OUT,Stem Ginger Caramel Shortbreads,"chocolate, almond, stem ginger caramel, white chocolate",Hummingbird Cake,"banana, pineapple, lime cream cheese icing, passionfruit cream, pecan praline"
8,4,Kate,STAR BAKER,Salted Bay Caramel Millionaire Shortbreads,"walnut, bay leaves",Sticky Toffee Apple Caramel Cake,"dried apple, toffee buttercream, medjool dates "
8,4,Chris,NA,NA,NA,NA,NA
8,4,Flo,NA,NA,NA,NA,NA
8,4,Peter,NA,NA,NA,NA,NA
8,5,Julia,IN,Orange & Treacle Steamed School Pudding,"orange caramel sauce, vanilla custard, black treacle, orange",'Opulent Ornament' Trifle Terrine,"vanilla, liquere, prosecco and passion fruit jelly, chocolate mousse, raspberries, strawberries, blueberries"
8,5,Kate,IN,'Mr Darcy's Steamy Lake Scene' Steamed School Pudding,"lemon zest, bergamot oil, earl grey custard",'My Great Great Nan's' Raspberry Trifle Terrine,"raspberry meringue cream, raspberry jelly, raspberry, powdered custard"
8,5,Liam,IN,Cherries & Lemons that are 'Baked Well',"glace cherry, dried cherry, lemon zest, ground almonds, vanilla custard, lemon",'Cheers Lads' Trifle Terrine,"chocolate mousse, orange jelly, chai latte panna cotta, brownie"
8,5,Stacey,IN,Bakewell Tart Steamed School Pudding,"cherry jam, raspberry, ground almonds, vanilla custard",Tropical Trifle Terrine,"pineapple rum jelly, passion fruit, lime eton mess, mango mousse, chilli, coconut"
8,5,Steven,IN,Lemon & Blackcurrant Drizzle Steamed School Pudding,"lemon zest, blackcurrant, vanilla custard",'From Across the Jelly Pond' Trifle Terrine,"raspberry jelly, coconut sponge, white chocolate and coconut custard"
8,5,Yan,IN,Mango Fruit Hat Steamed School Pudding,"coconut custard, stem ginger, caramalised coconut flakes, mango, alphonso mango",'Heart of a Hero' Trifle Terrine,"strawberry, raspberry, strawberry mousse, white chocolate mousse, elderflower jelly"
8,5,James,OUT,Orange and Ginger Steamed School Pudding,"orange, stem ginger, spiced chocolate custard",'The Missed Silver Jubilee' Trifle Terrine,"raspberry, blueberry swiss roll, raspberry panna cotta, blueberry, eton mess mousse, prosecco jelly"
8,5,Sophie,STAR BAKER,"Ginger, Fig and Honey Steamed School Pudding","tonka bean marscapone cream, stem ginger, fig, honey","Raspberry, Yuzu & White Chocolate B√ªche Trifle Terrine","raspberry jelly, yuzu custard, white chocolate bavarois, raspberry"
8,5,Chris,NA,NA,NA,NA,NA
8,5,Flo,NA,NA,NA,NA,NA
8,5,Peter,NA,NA,NA,NA,NA
8,5,Tom,NA,NA,NA,NA,NA
8,6,Kate,IN,'Vegetarian Pie Faces' Decorative Pies,"carrots, leeks, celery, potatoes, onions, butterbeans",Potato Curry Pie with Mango & Chilli Glaze,"turmeric, potato, onion, mango, chilli, asparagus"
8,6,Sophie,IN,'The Four Seasons' Decorative Pies,"roasted squash, spinach, blue cheese",Game Pie with Glazed Forest Fruits,"pomegranate and port glaze, minced pork belly, venison, mushroom duxelles, rabbit, wild boar, guinea fowl"
8,6,Stacey,IN,'Love Theme' Decorative Pies,"onion, mince meat, pine nuts, cinnamon, chilli flakes",Indian Hand Raised Pie with Mango,"paneer cheese, lentil curry, eggs, spinach, mango"
8,6,Steven,IN,'Fleetwood Mac' Decorative Pies,"swedish meatballs, lingonberry jam, mashed potato",Christmas Pie,"cranberry relish, brussel sprouts, chestnuts, turkey, pancetta"
8,6,Yan,IN,'œÄr2' Decorative Pies,"chicken, curry sauce",Chequerboard Pie,"chorizo, chicken, black pudding, spiced sausage meat, fig"
8,6,Julia,OUT,'Pies from the Tree' Decorative Pies,"sausage meat, sage, onion, apples, smoked paprika",'Special Occasion' Pie,"bluecheese, asparagus and pear salsa, chicken, honey-glazed pears"
8,6,Liam,STAR BAKER,'Standard FC' Decorative Pies,"sweet potato, feta cheese, chorizo",'Nan's Sunday Dinner' Pie,"turmeric, fried plantain, curried goat, mango and avocado salsa"
8,6,Chris,NA,NA,NA,NA,NA
8,6,Flo,NA,NA,NA,NA,NA
8,6,James,NA,NA,NA,NA,NA
8,6,Peter,NA,NA,NA,NA,NA
8,6,Tom,NA,NA,NA,NA,NA
8,7,Kate,IN,'Happy Hour' Cocktail Cannoli,"limoncello, cream, lemon, campari gin, orange, coffee liqueur, chocolate, ricotta",'Flavour Fusion' Sfogliatelle,"dark chocolate, hazelnuts, lemon, tahini"
8,7,Liam,IN,'Just Doing Me' Cannoli,"lemon, white chocolate, honey, nuts,marshmallow, dark chocolate, ricotta",'Morning Delivery' Sfogliatelle,"maple, pecan, orange, raisins"
8,7,Sophie,IN,'Classics with a Twist' Cannoli,"amaretto, almonds, ginger, lemon, lime cream, chocolate, hazelnuts, mascarpone cream, gelatine",'Classics' Sfogliatelle,"mango, passion fruit, cherry, almond, chocolate"
8,7,Stacey,IN,My All Time Favourite Desserts,"custard, raspberry jam, lemon cheesecake, white chocolate, tiramisu, cocoa powder, ricotta",Pastry Surprise,"orange, sultana, chocolate, praline creame patissiere, nuts"
8,7,Yan,OUT,Cannoli Cocktails,"rose, mint, amaretto, lime, honey, passion fruit, vanilla, cocoa powder, ricotta",Canadian-Style Sfogliatelle,"lemon, blueberry, pecan praline, maple syrup, bacon dust"
8,7,Steven,STAR BAKER,Italian Style Cannoli,"coffee , hazelnuts, almond praline, chocolate, lemon curd, ricotta",'Sicilian-style' Sfogliatelle,"sicilian lemon marmalade, chocolate, orange, ginger"
8,7,Chris,NA,NA,NA,NA,NA
8,7,Flo,NA,NA,NA,NA,NA
8,7,James,NA,NA,NA,NA,NA
8,7,Julia,NA,NA,NA,NA,NA
8,7,Peter,NA,NA,NA,NA,NA
8,7,Tom,NA,NA,NA,NA,NA
8,8,Kate,IN,Burrito Bedfordshire Clangers,"brown rice, vegetable filling, spiced rum, flame raisins, banana rice pudding",'Liver Building Turret' Savoy Cake,"toasted pecan, almond extract, chocolate, pondant"
8,8,Sophie,IN,Char Siu & Banana Praline Bedfordshire Clangers,"char siu pork, pecans, dark chocolate, banana",Citrus with Green Apple Croquembouche Savoy Cake,"yuzu powder, yuzu buttercream, green apple crème diplomat, freeze-dried strawberries, croquembouche"
8,8,Steven,IN,'Mediterranean Medley' Bedfordshire Clangers,"sweet potato, feta cheese, medjool dates, figs, onioin, orange blossom",Chestnut Rum Savoy Cake,"chestnut puree, dark rum, orange, cinnamon, apples, candied chestnut, fondant"
8,8,Liam,OUT,'Take Out' Bedfordshire Clangers,"sundried tomatoes, pine nuts, bramely apples, granny smith apples, pesto chicken, mozzarella, apple, plum",'Fort Wizardore' Savoy Cake,"lemon zest, bourbon caramel sauce, elderflower, chocolate"
8,8,Stacey,STAR BAKER,Camembert & Onion and Apple & Blueberry Bedfordshire Clangers,"camembert, pine nuts, caramelised onions, wild rocket, bramley apples, blueberries, cinnamon custard",'Bright' Lemon & Orange Savoy Cake,"orange, lemon, st clements buttercream, macarons, madeleines, jellies, meringues"
8,8,Chris,NA,NA,NA,NA,NA
8,8,Flo,NA,NA,NA,NA,NA
8,8,James,NA,NA,NA,NA,NA
8,8,Julia,NA,NA,NA,NA,NA
8,8,Peter,NA,NA,NA,NA,NA
8,8,Tom,NA,NA,NA,NA,NA
8,8,Yan,NA,NA,NA,NA,NA
8,9,Kate,IN,Bellini and Valencian Orange Choux Buns,"orange cream patissiere, prosecco, peach cream",'Rainbow' Meringue Centrepiece,"italian meringue, blueberry jam, mango and passion fruit cream, strawberry, blueberry"
8,9,Steven,IN,Key Lime Cheesecake and Bakewell Tart Choux Buns,"wholemeal coconut, coconut cream cheese, lime curd, frangipane, almond extract, crème patissiere, raspberry jam",'Some Air Over the Rainbow' Meringue Centrepiece,"lemon italian meringue, blackberry curd, balsamic strawberry eton mess, peppermint white chocolate ganache, macarons"
8,9,Stacey,OUT,'Choux-nicorn and Choux-moji' Choux Buns,"crème patissiere, banana chantilly cream, caramel sauce",'Flamingos in Love' Meringue Centrepiece,"white chocolate, italian meringue, passion fruit, raspberry and lemon mousse, vanilla panna cotta"
8,9,Sophie,STAR BAKER,Strawberry & Rhubarb and Chestnut & Vanilla Choux Buns,"strawberry, chestnut puree, rhubarb, vanilla, chocolate, fondant",'Tutu with Opera Filling' Meringue Centrepiece,"buttercream, chocolate ganache, coffee mousse, swiss meringue"
8,9,Chris,NA,NA,NA,NA,NA
8,9,Flo,NA,NA,NA,NA,NA
8,9,James,NA,NA,NA,NA,NA
8,9,Julia,NA,NA,NA,NA,NA
8,9,Liam,NA,NA,NA,NA,NA
8,9,Peter,NA,NA,NA,NA,NA
8,9,Tom,NA,NA,NA,NA,NA
8,9,Yan,NA,NA,NA,NA,NA
8,10,Kate,Runner-up,"Roman Spelt, Coconut Kala Chana and Flower Breads","spelt, honey, kala chana, jaggery goor","White Chocolate, Yuzu and Lychee Entremet","black sesame tuile, yuzu zest, coconut, dragon fruit, chocolate, yuzu and white chocolate bavarois"
8,10,Steven,Runner-up,"Spelt & Rye, Toasted Garlic & Fontina and Sweet Chocolate Breads","garlic, rosemary, fontina cheese, spelt, chocolate chips, cinnamon",'Yin Yang' Entremet,"crème brulee, chocolate mousse, hazelnut, banana, chocolate"
8,10,Sophie,WINNER,"Spelt Boules, Mushroom Ciabatta & Orange Plaited Brioche","dried wild mushrooms, shitake mushrooms, orange zest",'Ode to the Honey Bee' Entremet,"honey custard, blackberry jelly, orange blossom, lemon curd, hazelnut feuilletine, lavender mousse, white chocolate, honeycomb"
8,10,Chris,NA,NA,NA,NA,NA
8,10,Flo,NA,NA,NA,NA,NA
8,10,James,NA,NA,NA,NA,NA
8,10,Julia,NA,NA,NA,NA,NA
8,10,Liam,NA,NA,NA,NA,NA
8,10,Peter,NA,NA,NA,NA,NA
8,10,Stacey,NA,NA,NA,NA,NA
8,10,Tom,NA,NA,NA,NA,NA
8,10,Yan,NA,NA,NA,NA,NA
9,1,Antony,IN,Turmeric and Caraway Goosnargh Cakes,"Mango Chilli Jam, Turmeric","""Kilimanjaro Selfie""","Ginger, cinnamon, chocolate, fondant"
9,1,Briony,IN,Apple Cider Empire Biscuits,"Apple Cider, Caramelised Apple Slice, vanilla shortbread","""Bristol Biscuit Selfie""","Lemon, poppy seed, gin royal icing"
9,1,Dan,IN,Lemon and Strawberry Shrewsburys,"Lemon zest, Strawberry Jam, ","""New Dad in Palm Springs""","Passion fruit butter cream, mango royal icing, almond sugar cookies"
9,1,Jon,IN,Aberffraw 'Creams',"butterscotch swiss meringue buttercream,  shortbread","""A Sailing Selfie by the Sea""","Cinnamon, orange, lemon curd, buttercream, royal icing, white chocolate "
9,1,Karen,IN,Yorkshire Perkins,"Flower paste, mace, corriander, nutmeg","Rosewater and Cardamom ""Holiday Selfie""","royal icing, flower paste, rosewater, cardamom"
9,1,Kim-Joy,IN,Orange Blossom York Biscuits,"Orange Blossom water, edible primula","""Me at Miyajima Shrine""","cinnamon, clove, ginger"
9,1,Luke,IN,Yorkshire Gingernuts,"Lime zest, lime juice, lime buttercream, ginger","""What Happens In Vegas...!""","cinnamon, orange zest, royal icing, cinnamon butter cream"
9,1,Rahul,IN,Fennel and Coconut Pitcaithly Bannock,"Fennel, Coconut, mixed peel, chocolate","""First Spring in the UK""","Dark chocolate, lemon buttercream, boiled sweets"
9,1,Ruby,IN,Masala Chai Devon Flats,"Cardamom, pistachio, clove, cinnamon, dark chocolate, masala chai","""Gingerbread Marathon Selfie""","Crystallised ginger, gold leaf, marshmallow fondant"
9,1,Terry,IN,Lake District Ginger Shortbread,"Oatmeal, chocolate wafer, crystallised ginger, shortbread","""Brandy Snap Selfie""","Vanilla buttercream, raspberry jam, crushed meringue, brandy snap"
9,1,Imelda,OUT,Cherry and White Chocolate Oatmeal Biscuits,"Cherry, White Chocolate, Oatmeal, Wholemeal flour","""Seaside Selfie""","lemon, ginger, ground almond, vanilla buttercream"
9,1,Manon,STAR BAKER,Hazelnut Cornish Shortbread,"Clotted cream, hazelnut, milk chocolate",Matcha and White Chocolate Ganache Japanese Selfie,"Matcha ganache, almond royal icing, white chocolate ganache"
9,2,Antony,IN,Cardamom and Coconut Burfi Traybake,"cardamom, coconut, almond frangipane, pineapple jam","Pistachio, Saffron and Rose Cake","pistachio, saffron swiss meringue buttercream, rose water, edible flowers"
9,2,Briony,IN,Turron and Orange Traybake,"Orange pastry, almond sponge, chocolate ganache, almond turron",Chocolate Fudge and Salted Caramel Creation,"Chocolate fudge, caramel sponge, salted caramel vodka buttercream, dark chocolate, peanut butter"
9,2,Dan,IN,Black Forest Slice,"vanilla cream, cherry, kirsch syrup, chocolate",Dark Chocolate and Raspberry Birthday Cake,"dark chocolate, raspberry, raspberry jam, italian meringue buttercream, white chocolate"
9,2,Jon,IN,Lemon Meringue Traybake,"lemon meringue, white chocolate, lemon, rosemary",Hawaiian Shirt Pina Colada Cake,"pineapple sponge, pineapple curd, coconut, chocolate"
9,2,Karen,IN,Almond and Marzipan Traybake with Rhubarb Jam,"marzipan, almond, rhubarb jam, custard powder, custard royal icing",Strawberry Fayre Chocolate Cake,"dark chocolate, strawberry ganache, strawberry jam, strawberry liqueur "
9,2,Kim-Joy,IN,Pandan Chiffon Cake with Palm Sugar Cream,"pandan, ooconut, palm sugar cream, royal icing, sugar spirals",Yuzu and Raspberry Genoise Cat Cake,"genoise sponge, yuzu curd, raspberry, fondant, italian meringue buttercream"
9,2,Manon,IN,Rosemary and Honey Traybake,"Pistachio nougatine, honey, rosemary, fig",Almond Princess Cake,"white chocolate, dark chocolate, almond crème diplomate, fondant"
9,2,Ruby,IN,Boozy Black Forest Traybake,"cherry, dark chocolate, white chocolate, kirsch","Chocolate Orange ""Jackson Pollock"" Collar Cake","chocolate mascarpone, hazelnut cream, orange cream, hazelnut brittle, white chocolate, orange liqueur"
9,2,Terry,IN,Rum and Raisin Traybake,"apple sauce, rum, raisins, dates, dark chocolate ganache, candied walnuts",Champagne and Strawberries Eiffel Tower Collar Cake,"white chocolate, champagne buttercream, strawberry, chocolate"
9,2,Luke,OUT,Lemon and Poppy Seed Traybake,"lemon, poppy seed, white chocolate, candied lemon, mascarpone cream",Raspberry and White Chocolate Collar Cake,"whipped double cream, white chocolate, raspberry, chocolate"
9,2,Rahul,STAR BAKER,Lemon and Cardamom Traybake,"italian meringue buttercream, lemon curd, cardamom, joconde sponge , lemon",Chocolate Orange Layer Cake,"dark chocolate, orange syrup, white chocolate swiss meringue, orange, crème au beurre"
9,2,Imelda,NA,NA,NA,NA,NA
9,3,Briony,IN,Balsamic Strawberry Chelsea Buns,"balsamic strawberry glaze, mascarpone icing, raisins, pistachios, balsamic strawberry",Happily Ever After Korovai,"lemon zest, lime zest, orange zest, salted caramel vodka, plaited dough"
9,3,Dan,IN,Sticky Spiced Orange Chelsea Buns,"candied orange syrup, brandy soaked sultanas",Wedding Korovai,"orange zest, lemon zest, spiced rum"
9,3,Jon,IN,Cardiff City vs Chelsea Buns,"salted caramel, peacan, fondant icing, pecan butter, marshmallow",Korovai Dydd Dewi Sant,"welsh tea, mixed spice, chopped dried fruit, plaited dough"
9,3,Karen,IN,Peak District Christmas Chelsea Buns,"cranberry, royal icing, glace cherry, flaked almonds, ",French Breakfast Wedding Korovai,"coffee, chocolate chips, matcha "
9,3,Kim-Joy,IN,Pistachio and Cardamom Tangzhong Chelsea Buns,"tangzhong, pistachio, cardamom, lemon zest, royal icing","Orange, Cinnamon and Cranberry 'Kit-ovai'","cinnamon, cranberry"
9,3,Manon,IN,"Apricot, Cranberry and Marzipan Chai Chelsea Buns","chai tea, apricot jam glaze, cranberry, marzipan",Faberg√© Inspired Traditional Korovai,"orange blossom, chocolate, lattice"
9,3,Ruby,IN,"Gujarela Chelsea Buns with Dates, Almonds and Raisins","ghee, gujarela, dark chocolate, dates, almonds, raisins, vanilla, cinnamon",Mama and Papa's Belated Wedding Korovai,"apricot, almond liqueur, cherry, braided spiral dough, apricot jam glaze, flaked almonds"
9,3,Terry,IN,Tangy Citrus Sticky Chelsea Buns,"apricots, dates, lemon water icing, amalfi lemon, mixed peel",Garden Korovai,"orange, lemon, vanilla, cinnamon butter"
9,3,Antony,OUT,Decadent Breakfast Chelsea Buns,"cinnamon, peanut butter, boozy caramel sauce, bacon, pecan, rum soaked raisins",Chocolate and Orange Adventure Korovai,"chocolate, apricot and orange liqueur glaze, orange"
9,3,Rahul,STAR BAKER,Mango and Cranberry Chelsea Buns,"dried cranberries, mango, mango icing, bengali five spice",Garden Wedding Korovai,"orange zest, lemon zest"
9,3,Imelda,NA,NA,NA,NA,NA
9,3,Luke,NA,NA,NA,NA,NA
9,4,Terry,IN,NA,NA,NA,NA
9,4,Briony,IN,Treacle Tart Roulade,"mascarpone cream, pears, dried pears, pecan, meringue",Blood Orange & Amaretto Sticky Toffee Sphere,"white chocolate, amaretto, blood orange zest, sticky toffee pudding tart"
9,4,Jon,IN,Mango and Passion Fruit Roulade,"meringue, passion fruit and lime curd, white chocolate cream, mango, mango spheres",Lucy and Hannah's Ballet Cake,"white chocolate, dark chocolate, white chocolate ganache, raspberry ganache, kirsch syrup joconde, raspberry and kirsch syrup"
9,4,Karen,IN,Coffee Cream and Praline Roulade,"meringue, irish coffee cream custard, hazelnut pralines, coffee caramel , dark chocolate, whiskey",Chateau Du Chambord Framboise,"dark chocolate, raspberry syllabub, raspberry liqueur chocolate brownie, raspberry liqueur coulis, white chocolate, mascarpone, royal icing"
9,4,Kim-Joy,IN,'Sweet Dreams' Roulade,"meringue, whipped cream, passion fruit curd, raspberry, falked almonds",Melting Chocolate Galaxy,"chocolate orange craquelin, orange liqueur cream, blanced almonds, dark chocolate, salted caramel sauce, choux"
9,4,Manon,IN,Amarene and Kirsch Cherry Roulade,"mascarpone cream, kirsch, dark cherry, amarene cherry, meringue",White Chocolate Renaissance Surprise,"white chocolate, crème anglaise, white chocolate mousse, raspberry curd, dark chocolate, raspberry, praline"
9,4,Rahul,IN,Rhubarb and Custard Roulade,"rhubarb compote, cream custard, meringue, flaked almonds",Opera Cake with Kalash Inspired Dome,"chocolate joconde, plain joconde, coffee crème anglaise, coffee french buttercream, dark chocolate"
9,4,Ruby,IN,Pina Colada Roulade,"rosted pineapple, coconut rum cream, meringue, desiccated coconut, meringue",Chocolate Egg,"pistachio, white chocolate coconut ganache, passion fruit curd, mango swiss meringue, milk chocolate"
9,4,Dan,STAR BAKER,Florida Roulade,"coconut cream, flaked coconut, mango, strawberry, lime curd, meringue",Dan and the Giant Peach,"joconde, toasted hazelnut, honey and vanilla poached peaches, hazelnut biscuits, dark chocolate, caramel sauce"
9,4,Antony,NA,NA,NA,NA,NA
9,4,Imelda,NA,NA,NA,NA,NA
9,4,Luke,NA,NA,NA,NA,NA
9,5,Briony,IN,Honey and Apricot Ginger Cake,"ginger, dried apricot, dark chocolate ganache, honeycomb, honey buttercream",Turmeric Latte Chandelier,"turmeric, coriander, cloves, lemon juice"
9,5,Dan,IN,Ginger and Lemon Drip Cake,"white chocolate, ginger, lemon curd, lemon swiss meringue buttercream",Birthday Kaleidoscope for Constance,"cinnamon , apple royal icing"
9,5,Jon,IN,Family Christmas Ginger Cake,"stem ginger, gingerbread, lemon glitter balls, italian meringue buttercream",Birthday Chandelier for Emily's 21st,"cinnamon marshmallow, cinnamon, raspberry chilli jam, sugar glass"
9,5,Manon,IN,Italian Meringue Ginger Cake,"lemon italian meringue, candied lemon, ginger, lemon curd",Art Deco Spiced Biscuit Chandelier,"chocolate, tonka bean, timut pepper, cinnamon ganache"
9,5,Rahul,IN,Bonfire Night Caramel Ginger Cake,"ginger honeycomb, cindar toffee, swiss meringue buttercream, ginger, stem ginger",Durga Puja Cardamom Chandelier,"cardamom, orange, mixed fruit sweets, vanilla"
9,5,Ruby,IN,Jamaican Me Crazy Ginger Cake,"ginger snaps, toffee drizzle, orange mascarpone cream, ginger, rum",Peacock Chandelier,"pistachio, cardamom, clove, cinnamon, raspberry, white chocolate ganache"
9,5,Karen,OUT,Bonfire Night Ginger Cake,"crystallised ginger, cinder toffee, honeycomb, brandy, cream cheese frosting",Pontefract Girls' School Reunion,"liquorice, cardamom, sugar glass"
9,5,Terry,OUT,Caramelised Pear and Stem Ginger Cake,"Caramelised pears, stem ginger, vanilla cream, cream cheese frosting",12 Days of Christmas Chandelier,"pepper, cloves, all spice, vanilla, lemon royal icing"
9,5,Kim-Joy,STAR BAKER,Stem Ginger Cake with Poached Pears,"crystallised ginger, gingerbread, cream cheese frosting, salted caramel drizzle, poached pears",Christmas Spiced Ice Chandelier,"nutmeg, cinnamon, cardamom, cloves, isomalt glass"
9,5,Antony,NA,NA,NA,NA,NA
9,5,Imelda,NA,NA,NA,NA,NA
9,5,Luke,NA,NA,NA,NA,NA
9,6,Jon,IN,"A Romantic Dinner For Two, Samosa Style","chicken, pesto, orange zest, vanilla crème patissiere",Welsh Dragon Pie,"spiced minced beef, leeks, carrots"
9,6,Kim-Joy,IN,Flavours of India,"kashmiri chilli, onion, paneer, crystallised ginger, chai spices, granny smith apples",Silke the Vegetarian Mermaid,"beetroot, butternut squash, feta cheese, caramelised onion"
9,6,Manon,IN,Samosas for Mum,"confit lemon, chicken, green olives, salted caramel, cox's apples","""What Has Poppy Eaten?""","salmon paste, whiting, scallops "
9,6,Rahul,IN,Paneer Singara and Misti Singara,"ground coriander, potato, paneer, ricotta cheese, desiccated coconut, cashew nuts",Butterfly Pie,"rice, lamb curry"
9,6,Ruby,IN,Traditional Samosas,"onion, peas, spiced potatoes, orange infused date, almond paste, chopped almonds, cumin seeds",Kohinoor Crown,"rice, nigella seeds, chicken curry"
9,6,Dan,OUT,Festive Samosas,"chopped walnut, pear, stilton, caramelised hazelnut, chopped banana",Salmon Coulibiac,"rice, boiled egg, lightly smoked salmon"
9,6,Briony,STAR BAKER,Home Comforts,"beetroot, port soaked cranberries, spinach, mascarpone cheese, peanut butter, golden syrup","""Down the Rabbit Hole"" Banquet Pie","sweet potato, venison, mushroom"
9,6,Antony,NA,NA,NA,NA,NA
9,6,Imelda,NA,NA,NA,NA,NA
9,6,Karen,NA,NA,NA,NA,NA
9,6,Luke,NA,NA,NA,NA,NA
9,6,Terry,NA,NA,NA,NA,NA
9,7,Briony,IN,French Onion Tartlets and Celeriac & Apple Tartlets,"onion, ground almonds, vegan goat's cheese, oat cream, apple syrup, celeriac puree,sweet potato, mixed spice, prosecco",Hazelnut Mocha Cake,"dried raspberries, coffee liqueur ganache, roasted hazelnuts, mocha, chocolate"
9,7,Manon,IN,Summer & Winter Tartlets,"eggplant, zucchini, rosemary, chestnut, mushroom, cashew milk bechamel, tomato",Spiced Apple Cake,"matcha, turmeric, beetroot powder, cinnamon apples, vegan chocolate"
9,7,Rahul,IN,Coriander Posto & Veg Tartlets and Ghugni Chaat Tartlets,"eggplant, zucchini, carrot, vegan yogurt, chickpea curry, cashew nut paste",Chocolate & Coconut Layer Cake with Raspberry Jam,"coconut, chocolate, vegan coconut buttercream, coconut syrup, raspberry jam, sugar shards"
9,7,Ruby,IN,Sage & Butternut Tartlets and 'Cheesy Greens' Tartlets,"butternut squash, garlic salt, cashew milk and arrowroot cheese, nutritional yeast","Chocolate, Lemon & Coconut Cake","chocolate, lemon, vanilla syrup,raspberries, coconut"
9,7,Jon,OUT,Garlic Mushroom Tartlets and Falafel & Hummus Tartlets,"sauteed mushrooms, baked mushrooms, sweet potato mash, garlic, vegan cream cheese, falafel, hummus",Only Fools Eat Horses Cake,"agar agar fondant, vegan chocolate cake, orange curd icing, meringue, orange zest, buttercream"
9,7,Kim-Joy,STAR BAKER,Broccoli & Tomato Quiches and Mascarpone Squirrel Tartlets,"tofu, indian black salt, nutritional yeast, balsamic beetroot, broccoli, tomato, onion",Lavender & Lemon Fox Cake,"vanilla cookies, aguafaba royal icing, butter cream, dried lavender, lemon curd"
9,7,Antony,NA,NA,NA,NA,NA
9,7,Dan,NA,NA,NA,NA,NA
9,7,Imelda,NA,NA,NA,NA,NA
9,7,Karen,NA,NA,NA,NA,NA
9,7,Luke,NA,NA,NA,NA,NA
9,7,Terry,NA,NA,NA,NA,NA
9,8,Briony,IN,Spanish & West Country Sm√∏rrebr√∏d,"chorizo, iberico ham, flaked mackerel, tomato, asparagus, sweet potato, fig jam, beetroot",Nana Pat Kagekone,"toffee, dried blueberries, marshmallow, ginger crème patissiere"
9,8,Kim-Joy,IN,Bumblebee Eggs & Fish Sm√∏rrebr√∏d,"cucumber, radish, smoked slamon, boiled eggs, havarti cheese, tomato",Off to the Opera Kagekone,"royal icing, crème patissiere, white chocolate"
9,8,Rahul,IN,Smoked Salmon & Roasted Vegetable Sm√∏rrebr√∏d,"smoked salmon, carrot, celeriac, shallots, curry powder, lemon, dill, cream cheese, beetroot, asparagus, pickled cucumber, sunflower seeds",Indian King Kagemand,"orange zest, salted caramel, crème patissiere, fruit jelly, chocolate, marzipan, buttercream"
9,8,Manon,OUT,Cheese and Fruit Sm√∏rrebr√∏d,"mascarpone cream, gorgonzola cheese, strawberry, goats cheese, pear, radish, greens",Birthday Girl Kagekone,"bon bon, caramel, nougatine, marshmallow, pain au chocolat"
9,8,Ruby,STAR BAKER,Post-Gym Sm√∏rrebr√∏d,"egg, avocado, asparagus, chorizo, tandoori chicken, cumin seeds",Sister Kagekone,"frangipane, apricot, honeycomb, chocolate truffle, marzipan, crystallised ginger"
9,8,Antony,NA,NA,NA,NA,NA
9,8,Dan,NA,NA,NA,NA,NA
9,8,Imelda,NA,NA,NA,NA,NA
9,8,Jon,NA,NA,NA,NA,NA
9,8,Karen,NA,NA,NA,NA,NA
9,8,Luke,NA,NA,NA,NA,NA
9,8,Terry,NA,NA,NA,NA,NA
9,9,Kim-Joy,IN,"Ginger and Lemon Madeleines
Orange Bunny Madeleines","orange, lemon, ginger, chopped pistachios, white chocolate",Flavourite Flavours Window Display,"mango, passion fruit, strawberry, orange crème diplomat, blue berry, french meringue, icing, sugar spirals"
9,9,Rahul,IN,"Lemon and Raspberry Madeleines
Orange Curd Madeleines","chopped hazelnuts, white chocolate, dark chocolate, freeze dried raspberries, orange curd, lemon",Classic Tribute to Patisserie Window,"lemon curd, blueberry, caramel glaze, chocolate, strawberry, raspberry, crème diplomat"
9,9,Briony,OUT,"Mojito Madeleines
Espresso Martini Madeleines","mint tea, lime zest, spiced rum, white chocolate, dark chocolate, coffee bean, espresso",British Tea to French Patisserie Window,"coffee crème patissiere, walnut, cherry mousse, cherry jelly, blueberries, raspberries, chocolate, lemon"
9,9,Ruby,STAR BAKER,Pick Your Own Madeleines,"raspberry, white chocolate, desiccated coconut, orange, stem ginger, dark chocolate",Parisian Un Bouquet de Fleurs Window Display,"strawberry, mint, chocolate, hazelnut, crème chantilly, lemon verbena, swiss meringue, orange shortbread"
9,9,Antony,NA,NA,NA,NA,NA
9,9,Dan,NA,NA,NA,NA,NA
9,9,Imelda,NA,NA,NA,NA,NA
9,9,Jon,NA,NA,NA,NA,NA
9,9,Karen,NA,NA,NA,NA,NA
9,9,Luke,NA,NA,NA,NA,NA
9,9,Manon,NA,NA,NA,NA,NA
9,9,Terry,NA,NA,NA,NA,NA
9,10,Kim-Joy,Runner-up,Amaretto Diplomat Filled Doughnuts & Lemon Ring Doughnuts,"lemon, lemon glaze, amaretto crème diplomat, orange glaze",Lost City of Atlantis Dessert Landscape,"ginger cake, ginger biscuit, orange buttercream, salted caramel, isomalt coral, nutmeg, cloves, crushed praline, fondant, crystallised ginger"
9,10,Ruby,Runner-up,Dulce De Leche Filled Doughnuts & Raspberry and Cardamom Ring Doughnuts,"dulce de leche, cinnamon, cardamom, freeze dried raspberry, white chocolate",Magical Edible Landscape,"passion fruit curd, praline, blueberry compote, salted pistachio brittle, choux, cardamom, lemon crème patissiere"
9,10,Rahul,WINNER,Mango Creme Patisserie Filled Doughnuts & Spiced Orange Ring Doughnuts,"mango crème patissiere, orange, cinnamon, ginger, orange buttercream, royal icing",Edible Rock Garden,"orange buttercream, cardamom crème diplomat, chocolate, orange, lemon joconde, orange curd, ginger biscuit"
9,10,Antony,NA,NA,NA,NA,NA
9,10,Briony,NA,NA,NA,NA,NA
9,10,Dan,NA,NA,NA,NA,NA
9,10,Imelda,NA,NA,NA,NA,NA
9,10,Jon,NA,NA,NA,NA,NA
9,10,Karen,NA,NA,NA,NA,NA
9,10,Luke,NA,NA,NA,NA,NA
9,10,Manon,NA,NA,NA,NA,NA
9,10,Terry,NA,NA,NA,NA,NA
10,1,Alice,IN,Gingerbread Fruit Cake Wreath,"gingerbread, fig, blackberry",Like a Child in a Sweetshop Cake,"lemon, raspberries, lemon swiss meringue buttercream"
10,1,Amelia,IN,Christmas Cake,"mixed fruit, orange brandy, marzipan, glace cherries, royal icing, crystallised ginger",Carousel Birthday Cake,"rice krispies, white chocolate ganache, red velvet, raspberry jam"
10,1,David,IN,Squishy Squashy Fruit Cake,"orange zest, carrot, squash, almond florentines, hazelnut marzipan, marzipan, dried prunes, dried figs",Snakey Birthday Cakey,"rice krispies, chocolate, orange zest, fondant"
10,1,Helena,IN,Fruit Bat Cake,"spiced pumpkin, maple cream cheese buttercream, dried prunes, toasted pecan",Away with the Fairies Cake,"chocolate, chocolate buttercream, fondant, desiccated coconut, coffee"
10,1,Henry,IN,Wood Street Cake,"chocolate, royal icing, dried fruit",Secret Woodland Cake,"chocolate, chocolate ganache, woodland berries, blackberry"
10,1,Jamie,IN,Easter Simnel Cake,"marzipan, strawberry jam",Salted Caramel Schnauzer Birthday Cake,"salted carmael buttercream, vanilla biscuits, salted caramel sauce"
10,1,Michael,IN,Cup of Chai Cake,"chai, sultanas, apricots",Treasure Chest Cake,"cinder toffee, chocolate, salted caramel buttercream"
10,1,Phil,IN,Spiced Fruit Cake with Rum Glaze,"marzipan, cinnamon , ginger, nutmeg, allspice, cloves, sugar frosted fruits, run icing",Retro Rocket Cake,"rice krispies, sherbert, raspberry ripple buttercream"
10,1,Priya,IN,Sunshine Fruit Cake,"dried papaya, dried pineapple, dried mango, marzipan",Once Upon a Time Cake,"chocolate, orange zest, chocolate orange buttercream, meringue"
10,1,Rosie,IN,Spicy Chai Loaf,"dried apple, dried strawberry, dried mango, strawberry and mango jam, indian chai, french buttercream",Magical Jungle Cake,"chocolate, red velvet, fondant, vanilla italian meringue buttercream"
10,1,Steph,IN,Great Grandma's Fruit Cake,"orange zest, candied oranges, apricot, marzipan",A Sundae on the Beach Cake,"dark chocolate ganache, vanilla and raspberry buttercream, coconut"
10,1,Dan,OUT,Jamaican Rum Cake,"dried fruit, spiced rum buttercream, coffee and almond brittle",Pirate Island Cake,"lime zest, coconut, passionfruit curd, isomalt "
10,1,Michelle,STAR BAKER,Bara Brith Teulu Ni (Our Family's Bara Brith),"tea, pecan, welsh rum icing, mixed fruit",Tylwyth Teg (Fairy House Cake),"carrot, orange, cinnamon, fondant"
10,2,Amelia,IN,"Pistachio, Almond & Raisin Nougat Biscuit Bars","rosehip syrup, pistachio, almond, raisin",Swimming with Dolphins,"lemon zest, orange extract, viennese whirl, "
10,2,David,IN,Coco-nutty Chocolate Bars,"dark chocolate, chocolate, nougat, pistachio, coconut",Wedding Spray,"almond tuile, fennel, lime, grapefruit, caraway, cardamom, lemon"
10,2,Helena,IN,Wicked Witch Fingers,"matcha, almond, salted caramel",Caught in a Spider's Web,"chocolate, orange zest, lemon zest, earl grey, spiced macadamia nuts"
10,2,Henry,IN,"Coffee, Cardamom & Hazelnut Bars","hazelnut, chocolate and cardamom mousse, dark chocolate",Chapel Organ,"boiled sweets, almond tuile, ginger"
10,2,Michael,IN,Lemon & Rosemary Biscuit Bars,"dark chocolate, lemon curd, lemon marshmallow, rosemary, gin",Hamish the Highland Cow,"ginger, chocolate, orange, tuile, viennese whirl, chilli"
10,2,Michelle,IN,Bakewell Bars,"raspberry jam, white chocolate, almond marshmallow",Dewi y Ddraig Cymraeg - Dewi the Welsh Dragon,"lemon zest, cardamom, pistachio, brandy snap, macarons"
10,2,Phil,IN,"Orange, Cranberry & White Chocolate Fudge Bars","orange zest, white chocolate, dried cranberries, milk chocolate",Tina the Tortoise,"cherry, citrus peel, almonds, brandy snap"
10,2,Priya,IN,Ruby Barfi Biscuit Bars,"cardamom, ruby chocolate, passionfruit jelly, raspberry and coconut barfi",The Beast of Rocky Mountain,"langues de chat, orange, cinnamon, brandy snap"
10,2,Rosie,IN,Virgin Mojito Biscuit Bars,"lime jelly, mint marshmallow, choocolate",My Favourite Chicken ‚Äì A Celebration of Legs,"Tuile, ginger,lemon zest"
10,2,Steph,IN,"Chocolate, Caramel Macchiato Biscuit Bars","coffee, coffee beans, caramel, dark chocolate",Ginger the Cat,"cinnamon, nutmeg, clove, brandy snap, ginger"
10,2,Jamie,OUT,Cherry Caramel Shortbread Biscuit Bars,"sour cherry caramel, dark chocolate",Biscuit Guitar,"chocolate, ginger, lemon royal icing, lemon"
10,2,Alice,STAR BAKER,Honeycomb Peanut Mallow Bars,"marshmallow, salted peanut caramel, honeycomb",Chocolate and Coconut New Zealand Lamb,"chocolate, coconut, lime, macaron"
10,2,Dan,NA,NA,NA,NA,NA
10,3,Alice,IN,Baklava Tear & Share,"candied orange, chopped pistachios, dried rose petals, honey, orange blossom, spices",Global Bread,"beetroot, walnut, linseeds, poppy seeds, carrot, coriander, garlic, rosemary, mixed seeds"
10,3,David,IN,Cinnamon Swirl Tear & Share,"cinnamon,sugar glaze, brandy soaked fruit, vanilla buttercream",Trio of African Masks,"charcoal powder, annatto powder, beetroot powder, blue pea flower powder"
10,3,Helena,IN,Frosted Cinnamon and Pecan Tear & Share,"toasted pecans, cream cheese",Every Bread is Halloween,"parmesan, sesame seeds, charcoal powder, spirulina"
10,3,Henry,IN,Chicken and Pesto Tear & Share,"chicken, pesto, poppy seeds, sesame seeds, black olives",Herb Garden,"rosemary, black olive, walnut, parsley, raisin, caraway, thyme, sage, poppy seed flowers"
10,3,Michelle,IN,Noson Gaws (Cheese Night) Tear & Share,"pancetta, pear, black garlic, walnut, truffle, fruit compote, angiddy cheese, golden cenarth cheese",Gardd Ni (Our Garden),"raspberry, passionfruit powder, raisins, hazelnut paste"
10,3,Phil,IN,Pancetta and Cheese Focaccia Tear & Share,"garlic, parsley, rosemary, gruyere cheese, grana padano cheese, smoked pancetta, chives",Winner's Wreath,"spelt, beetroot, parsley, sage, thyme, smoked applewood cheese"
10,3,Priya,IN,Smokey Jalape√±o Tear & Share,"onion, jalapeno, cheddar, red leicester, smoked paprika, chillies",Bird Boules,"italian seasoning, beetroot powder, blue pea flower powder"
10,3,Rosie,IN,Chilli and Manchego Tear & Share,"candied chilli, manchego, red onions, garlic, balsamic",Bread Safari,"sun-dried tomato, garlic, turmeric, coriander, beetroot, chilli "
10,3,Steph,IN,Sun-Dried Tomato and Pesto Star Tear & Share,"parmesan cheese, sun-dried tomatoes, basil sauce, lemon zest",Hand-Tied Bouquet of Flowers,"beetroot, rosemary, turmeric, wholemeal, sesame seeds"
10,3,Amelia,OUT,Chorizo Brunch Tear & Share,"chorizo, peppers, caramlised onions, garlic, harissa",Caterpillar Transformation,"roasted red pepper, matcha powder, beetroot powder, garlic"
10,3,Michael,STAR BAKER,Keralan Star Bread Tear & Share,"coconut chutney, paprika",Mediterranean Camp Fire,"black onion seeds, charcoal powder, smoked garlic, parmesan, red pepper, olive"
10,3,Dan,NA,NA,NA,NA,NA
10,3,Jamie,NA,NA,NA,NA,NA
10,4,Alice,IN,Leafy Yoghurt Cake,"yogurt, cardamom, lemon, pistachio",Afternoon Tea,"carrot, coffee, chocolate cheesecake"
10,4,David,IN,A Kick of Limoncello Cake,"lemon, poppy seed, limoncello glaze, yogurt",Flavours of India Mishti,"kewra water, cardamom, mango, carrot, fennel tuile"
10,4,Helena,IN,Ghost Cake,"buttercream, almond, buttermilk, orange zest",Ye Olde English Sweet Shoppe Mishti,"chocolate, coconut, parma violet, lemon sherbet"
10,4,Henry,IN,Ode to a German Breakfast Cake,"spiced apple, apple crisps, yogurt, cinnamon, streusel",Seaside Mishti,"pistachio and raspberry icecream, orange, coconut"
10,4,Michael,IN,Cheesecake Surprise,"sour cream, raspberry cheesecake swirl, lemon, raspberry",Flag of India Mishti,"pistachio, mango, lemon, rosewater"
10,4,Michelle,IN,Homely Rhubarb Cake,"rhubarb, pecan, meringue kisses, freeze-dried raspberries, apple crisps, buttermilk, custard buttercream",Home Comforts Mishti,"passion fruit, chocolate, tonka bean rice pudding, raspberry"
10,4,Priya,IN,Choc-chip Banana Cake,"banana, chocolate, yogurt, toffee sauce, chocolate chips, dried bananas",Flavours of My Childhood Mishti,"saffron, cardamom, mango, rosewater, lychee"
10,4,Rosie,IN,A Good Dose of Limoncello Cake,"lemon zest, limoncello, buttermilk, meringue kisses",Cocktails & Canap√©s Mishti,"rose water, sweet milk custard, orange"
10,4,Phil,OUT,Trucking Lovely Rose Cake,"rosewater syrup, buttercream, yogurt, ",A Corner of My Garden Mishti,"chocolate, elderflower, pistachio, blueberry"
10,4,Steph,STAR BAKER,Answer to Everything Cake,"chocolate, raspberry, buttermilk, raspberry coulis, pistachios",Pink and Pretty Mishti,"pistachio, rosewater, mango, date, walnut"
10,4,Amelia,NA,NA,NA,NA,NA
10,4,Dan,NA,NA,NA,NA,NA
10,4,Jamie,NA,NA,NA,NA,NA
10,5,Alice,IN,Chocolate & Orange Custard Pies,"chocolate, orange curd, orange extract",Pina Colada Cake,"caramelised rum pineapple, coconut buttercream"
10,5,David,IN,Fancy Custards,"vanilla custard, glazed fruit",Amaretto Sour Cake,"amaretto, lemon, aromatic bitters buttercream"
10,5,Henry,IN,1920s Pies,"raspberry curd, white chocolate mousse, lemon and lime custard, raspberry, candied lemon slices, italian meringue",White Russian Cake,"italian meringue coffee buttercream, coffee liqueur, chocolate, hazelnut praline"
10,5,Michael,IN,"Mango, Lime & Ginger Pies","mango and lime custard, mango gelee discs, ginger, meringue kisses, white chocolate, dark chocolate ganache, ginger honeycomb, sugared lime peel",Brambling Cake,"gin and lemon and blackberry syrup, blackberries, crème de mure buttercream"
10,5,Priya,IN,Lemon & Raspberry Ripple Pies,"lemon custard, raspberry custard, lemon, sliced fruit",Meena Colada Cake,"passion fruit syrup, coconut buttercream, pineapple curd, royal icing"
10,5,Rosie,IN,Little Blackberry Pies,"elderflower jelly, matcha, blackberry, custard",White Russian Cake,"coffee liqueur, vodka swiss meringue buttercream, chocolate caramel, cream, dark chocolate ganache, royal icing"
10,5,Helena,OUT,Lemon and Lavender Pies,"modeling chocolate, lemon zest, lemon custard, lavender, meringue",Vampire's Kiss Raspberry Vodka Cake,"red velvet, cream cheese icing, vanilla buttercream, raspberry vodka, isomalt, white chocolate"
10,5,Michelle,OUT,Blueberry & White Chocolate Cr√®me Br√ªl√©e Pies,"blueberry compote, white chocolate custard, fig, strawberry, raspberry, blackberry",My Little Sister the Dancing Queen's Pi√±a Colada Cake,"coconut extract, rum buttercream, toasted coconut flakes, pineapple"
10,5,Steph,STAR BAKER,Zesty Citrus Custard Pies,"lemon and lime and orange custard, italian meringue, blueberry",Sour Lime Pi√±a Colada Cake,"white rum swiss meringue buttercream, lime, coconut, candy shards"
10,5,Amelia,NA,NA,NA,NA,NA
10,5,Dan,NA,NA,NA,NA,NA
10,5,Jamie,NA,NA,NA,NA,NA
10,5,Phil,NA,NA,NA,NA,NA
10,6,Alice,IN,Black Forest Meringue,"chocolate, chocolate mousse, cherry compote, cherry buttercream",Tiramisu Bombe,"espresso, espresso chocolate mousse, pistachio parfait, praline, spiced rum mascarpone cream"
10,6,David,IN,Spiced Meringue Surprise,"clove, cinnamon, star anise, figs, blackberries, vanilla crème diplomat",Delightful Bombe,"white chocolate and raspberry mousse, lemon and shiso leaf sorbet, raspberry and rose water jelly"
10,6,Henry,IN,Towering Meringue Cake,"pistachio, chocolate crème patissiere, raspberries, chocolate",Bonfire Bombe,"cinnamon meringue, bramley apple mousse, spiced honey mousse, cinnamon chanilly cream"
10,6,Michael,IN,Dark Chocolate Meringue Cake,"chocolate, orange crème au beurre, hazelnut, dark chocolate and orange ganache, orange liqueur",Black Forest Bombe,"cherry jelly, chocolate and almond mousse, chocolate and cherry italian meringue, cherry cheesecake, freeze-dried cherries"
10,6,Rosie,IN,Layers of Lime and Raspberry,"salted caramel, raspberry and lime curd, chocolate ganache, raspberry cream",Ruby Bombe,"mango bavarois, honey cake, lemon, hibiscus mousse, caramelised salted white chocolate"
10,6,Priya,OUT,Family Favourite,"amaretto crème patissiere, almond, blueberry crème au beurre",Summer Fruit Bombe,"crème de cassis blackcurrant liqueur, dark chocolate mousse, summer fruit bavarois, dark chocolate ganache, raspberry meringue shards"
10,6,Steph,STAR BAKER,Eton Mess,"pistachio, raspberries, white chocolate cream cheese",Mirror Bombe,"coffee bavarois, dark chocolate mousse, amaretto, joconde sponge, chocolate"
10,6,Amelia,NA,NA,NA,NA,NA
10,6,Dan,NA,NA,NA,NA,NA
10,6,Helena,NA,NA,NA,NA,NA
10,6,Jamie,NA,NA,NA,NA,NA
10,6,Michelle,NA,NA,NA,NA,NA
10,6,Phil,NA,NA,NA,NA,NA
10,7,Alice,IN,"Lemon, Blueberry & Almond Hot Cross Buns","lemon zest, blueberry, almond, freeze-dried blueberries, lemon curd glaze","Chocolate, Orange and Salted Caramel Kaleidoscope Sarawak Style Layered Cake",
10,7,David,IN,Kozunak Plaits,"raisins, lemon, almond, malt powder",Sarawak Style Layer Cake Sculpture,"cloves, cinnamon, cardamom, nutmeg"
10,7,Rosie,IN,Mardi Gras Finnish Semlor Peacock Festival Buns,"lemon and white chocolate namelaka, raspberry jam, candy",Rainbow Sarawak Style Layer Cake,"lemon, mixed spice, nectarine jam, royal icing"
10,7,Steph,IN,Zest and Spice Hot Cross Buns,"cranberries, sultanas, spiced glaze, orange zest, lemon zest, cinnamon, cloves, star anise",Orange and Chai Spiced Revitalise Cake,"orange liqueur syrup, royal icing, marzipan, orange, chai, spice"
10,7,Michael,OUT,Figgy Pudding Hot Cross Buns,"brandy glaze, marzipan, lemon zest, orange zest, fig, sultanas, cranberries, dates, apricots, brandy butter",Jamaican Mule Sarawak Style Layer Cake,"spiced rum and lime marzipan, royal icing, ginger and lime curd"
10,7,Henry,STAR BAKER,Chocolate Kardemummabullar,"chocolate, cardamom glaze, almond and chocolate crème patissiere",Elegant Present Box,"lemon, lime, raspberry and mint jam"
10,7,Amelia,NA,NA,NA,NA,NA
10,7,Dan,NA,NA,NA,NA,NA
10,7,Helena,NA,NA,NA,NA,NA
10,7,Jamie,NA,NA,NA,NA,NA
10,7,Michelle,NA,NA,NA,NA,NA
10,7,Phil,NA,NA,NA,NA,NA
10,7,Priya,NA,NA,NA,NA,NA
10,8,Alice,IN,"Leek, Apple & Goat's Cheese Tarte Tatin","leek, goat cheese, honey, thyme, granny smith apple",Apple Tree House Pie,"granny smith apple, blackberry, toasted pecans, caramel"
10,8,David,IN,Caramelly Carroty Tarte Tatin,"heritage carrot, walnut, shallots, carrot top pesto, whipped sirene",Whitby Fish Pie,"crab, salmon, root vegetables, whitby, "
10,8,Rosie,IN,"Shallot, Aubergine & Goat's Cheese Spiced Tarte Tatin","eggplant, shallot, black garlic, red pepper, goat cheese, spice",Rapunzel's Tower,"chillies, curried vegetables, roasted vegetables, camembert"
10,8,Henry,OUT,"Crab, Tomato & New Potato Tarte Tatin","crab, new potato, tomato, radish",Chandelier Picnic Pie,"ham, chicken, cranberries, apricot, blackberries, mint leaves, chorizo, cinnamon, chocolate, pecan"
10,8,Steph,STAR BAKER,Caramelised Onion & Goat's Cheese Tarte Tatin,"onion, shallots, goat cheese, balsamic venegar caramel, basil",Curried Chickpea & Potato Carousel,"chillies, chickpea and potato curry"
10,8,Amelia,NA,NA,NA,NA,NA
10,8,Dan,NA,NA,NA,NA,NA
10,8,Helena,NA,NA,NA,NA,NA
10,8,Jamie,NA,NA,NA,NA,NA
10,8,Michael,NA,NA,NA,NA,NA
10,8,Michelle,NA,NA,NA,NA,NA
10,8,Phil,NA,NA,NA,NA,NA
10,8,Priya,NA,NA,NA,NA,NA
10,9,David,IN,Aperitif Domed Tarts,"liqueur spritz, speritif jelly, leche flan, orange pastry disk, roasted rhubarb, hazelnuts",Greenhouse Growing Moss,"parsnip, beetroot, prunes, apricots, chocolate, almonds, hazelnuts, buttercream"
10,9,Steph,IN,"Raspberry, Lemon & White Chocolate Domed Tarts","white chocolate, raspberry jelly, lemon mousse, pate sablee, dark chocolate",A Night at the Opera,"chocolate, joconde sponge, chocolate orange macarons, chocolate ganache, orange crème au beurre"
10,9,Rosie,OUT,"Lemon, Raspberry & Mint Domed Tarts","pate sablee, lemon bavarian cream, raspberry gin, mint crème pat, yuzu jelly, lemon",Time with Family,"choux bun religieuse, mocha crème pat, brioche tarte tropezienne, chocolate tartlet, salted caramel crème, crème patissiere, chocolate ganache, orange sablee"
10,9,Alice,STAR BAKER,"Mocha, Hazelnut & Orange Domed Tarts","mocha mousse, espresso buttercream, orange curd, hazelnut praline paste, chocolate",Save Our Oceans,"lemon and honey custard, raspberry curd, chocolate, white chocolate bavarois, isomalt"
10,9,Amelia,NA,NA,NA,NA,NA
10,9,Dan,NA,NA,NA,NA,NA
10,9,Helena,NA,NA,NA,NA,NA
10,9,Henry,NA,NA,NA,NA,NA
10,9,Jamie,NA,NA,NA,NA,NA
10,9,Michael,NA,NA,NA,NA,NA
10,9,Michelle,NA,NA,NA,NA,NA
10,9,Phil,NA,NA,NA,NA,NA
10,9,Priya,NA,NA,NA,NA,NA
10,10,Alice,Runner-up,"Chocolate, Pear, Ginger and Maple Cake","pears, chocolate, ginger, dark chocolate ganache, maple cream cheese buttercream, hazelnut brittle, red win,e cinnamon",End of the School Year Celebration Picnic,"raspberry, prosecco, orange, cardamom, carrot, blueberry, lemon curd, lemon cream cheese"
10,10,Steph,Runner-up,Black Forest Chocolate Cake,"chocolate ganache, kirsch chantilly cream, cherry jam, cherries",Picnic in the Park,"spiced orange, almond, lemon, poppy seed, coconut"
10,10,David,WINNER,"Chocolate, Armagnac and Prune Cake","prune, armagnac syrup, armagnac cream, chocolate, dark chocolate, cocoa powder, vanilla syrup",Peachy Pic-Nik,"saffron, orange blossom water, orange, apricot, fig, lemon"
10,10,Amelia,NA,NA,NA,NA,NA
10,10,Dan,NA,NA,NA,NA,NA
10,10,Helena,NA,NA,NA,NA,NA
10,10,Henry,NA,NA,NA,NA,NA
10,10,Jamie,NA,NA,NA,NA,NA
10,10,Michael,NA,NA,NA,NA,NA
10,10,Michelle,NA,NA,NA,NA,NA
10,10,Phil,NA,NA,NA,NA,NA
10,10,Priya,NA,NA,NA,NA,NA
10,10,Rosie,NA,NA,NA,NA,NA
11,1,Dave,IN,Chocolate Espresso Martini Battenberg Cake,"chocolate and coffee liqueur, vodka and coffee, vodka marzipan",Three Flavours of Tom DeLonge,"dark chocolate buttercream, mint, strawberry"
11,1,Hermine,IN,Chocolate & Orange Battenberg Cake,"orange liqueur marzipan, dark chocolate, orange",Ode to Lupita,"chocolate, coffee cream cheese icing,"
11,1,Laura,IN,Celebration of Summer Battenberg Cake,"raspberry ripple, coconut, butter cream",Lemon & Elderflower Freddie,"lemon and elderflower mascarpone cream, lemon, elderflower"
11,1,Linda,IN,Ambulance Battenberg Cake,raspberry buttercream,Lemon & Orange Bob Marley,"lemon, orange, lemon curd, orange curd, coconut rum mascarpone cream"
11,1,Loriea,OUT,Hot Summer's Day Treats Battenberg Cake,"bubble gum extract, cream soda syrup, cream soda flavouring, almond marzipan",,"scotch bonnect chilli, chocolate, spiced ginger and mango jam, swiss meringue buttercream"
11,1,Lottie,IN,Rhubarb and Custard Battenberg Cake,"rhubarb jam, custard",Coconut & Lime Louis Theroux,"coconut, lime, orange and chocolate buttercream"
11,1,Makbul,IN,East India Battenberg Cake,"pistachio marzipan, spiced stem ginger, orange",Tribute to Bill Bryson,"lemon, redcurrant jam, vanilla buttercream"
11,1,Marc,IN,Bittersweet Battenberg Cake,"sour cherry, chocolate, walnut, rosewater marzipan",Chocolate & Vanilla Ziggy,"chocolate, vanilla buttercream"
11,1,Mark,IN,Turkish Bazaar Inspired Battenberg Cake,"pistachio, cardamom, pomegranate, orange, almond and orange marzipan",Origin-ger of the Species' by Charles Darwin,"spiced ginger, coconut buttercream, chocolate and ginger ganache"
11,1,Peter,STAR BAKER,Gluten-Free Chocolate & Orange Battenberg Cake,"chocolate, pureed orange, chocolate and orange zest marzipan",In honour of Sir Chris,"strawberry jam, whipped double cream"
11,1,Rowan,IN,The Magic Flute' Battenberg Cake,"rose, vanilla, lemon",Let Them Eat Cake' – A Tribute To Marie Antoinette,"chocolate, kirsch-soaked cherries, white chocolate"
11,1,Sura,IN,Lemon & Orange Battenberg Cake,"lemon, orange",Ode to Attenborough,"coconut, raspberry italian meringue buttercream"
11,2,Dave,STAR BAKER,Feathered Chocolate Mango Florentines,"dried mango, white chocolate, milk chocolate, dark chocolate, candied peel",Waiting for Tacos',"cocoa powder, coffee, chocolate, brandy snap, amoretti"
11,2,Hermine,IN,Mango and Coconut Florentines,"dried mango, coconut, almond, ruby chocolate",Sakura Tea Set,"spiced ginger, royal icing"
11,2,Laura,IN,Salted Caramel Florentines,"almond, pecan, jumbo raisins, candied peel, milk chocolate, salted caramel",Celebration Afternoon Tea,"ginger, brandy snap"
11,2,Linda,IN,Flower Topped Florentines,"dark chocolate, crystallised ginger, brazil nuts, hazelnuts, pecans",High Tea in Amsterdam,"royal icing, rose water"
11,2,Loriea,OUT,NA,NA,NA,NA
11,2,Lottie,IN,Quarantine Florentines,"pistachio, almond, coconut, ginger, cour cherry, dark chocolate, white chocolate",Viking Victuals,"ginger, charcoal powder, brandy snap"
11,2,Makbul,OUT,Mango and Cumin Florentines,"dried mango, cumin seeds, cashew",Indian Chai Service,"ginger, naan khatai"
11,2,Marc,IN,"Ginger, Cherry and Pistachio Florentines","ruby chocolate, ginger, dried cherry",Morning Coffee 'n' Toast,"spiced ginger, fondant, buttercream"
11,2,Mark,IN,Mango Lassi Florentines,"cardamom, white chocolate, macademia nuts, dried mango","	Ethiopian Coffee Ceremony","coffee, cinnamon, charcoal powder"
11,2,Peter,IN,Sticky Toffee Florentines,"dark muscovado sugar, dates, almonds, pecans, sultanas, walnuts, caramalised white chocolate",Biscuit Burns Supper,"ginger, isomalt, brandy snap, scottish raspberry and oat cranachan cream"
11,2,Rowan,IN,Waistcoat Florentines,"almonds, orange, cherry, dried raspberry, caraway seeds, modeling chocolate",Worse Things Happen At Sea,"lemon, brandy snap, viennese biscuit"
11,2,Sura,IN,Sohan Florentines,"cardamom, saffron, rose water, almonds, pistachios",Speculaas Ramadan Tea Time,"cinnamon, nutmeg, ginger, black pepper, chocolate truffle, vanilla"
11,3,Dave,IN,Chilli Chocolate & Cheesy Bacon Soda Bread,"bacon, dried dill, dried chives, gruyere cheese, dark chocolates, dates, chilli, hazelnut",Grateful For My Home and Little Family',"mango, lime, chilli, hisbiscus, guava"
11,3,Hermine,IN,My Favourite Flavours Soda Bread,"salmon, gruyere cheese, chives, dried fruit, orange liqueur, cinnamon","	A Journey Back to France","mixed herb, parmesan"
11,3,Laura,IN,Nana Peg's Nicely Spiced and Cherrylicious Soda Bread,"chorizo, spring onion, chilli, cheddar, glace cherry, marzipan",Showstopping Musical Theatre Inspired Bread,"pancetta, gruyere cheese, red chilli oil"
11,3,Linda,IN,Cyflym Bara Soda Bread,"red chilli, green chilli, cheddar cheese, parmesan cheese, coriander, brandy soaked dried fruit",Fruits of our Labour' Black Olive Bread & Tiger Bread,"black olive, glaze"
11,3,Loriea,OUT,NA,NA,NA,NA
11,3,Lottie,IN,Blueberry Breakfast & Summertime Soda Bread,"blueberry, balsamic red onion, kalamata olives, smoked applewood cheese, maple bacon",My House In Bread,"cheddar, chorizo, sun-dried tomato, pesto"
11,3,Makbul,OUT,NA,NA,NA,NA
11,3,Marc,STAR BAKER,Cornish Soda Breads,"cornish kern cheese, grated beetroot, milk chocolate, white chocolate, dried cranberries, beetroot, kelp",The Dharma Wheel Bread Sheaf,"fennel seeds, caraway seeds, coriander seeds"
11,3,Mark,IN,Sausage & Stout Soda Bread,"sobrasada, irish sheep smoked cheese, irish stout, dark chocolate, honey",Orchard County Bread with Sweet Apple and Savoury Wild Garlic,"apple, hazelnut, cinnamon, wild garlic"
11,3,Peter,IN,Black Pudding & Ginger Beer Soda Bread,"black pudding, ginger beer, green ginger wine, oat, alnut, thyme, crystallised ginger",Edinburgh Cityscape Bread Plaque,"multigrain, poppy seeds"
11,3,Rowan,OUT,"Flavours of Italy	","italian sausage, fennel seeds, lives, capers, saffrons, lemon, polenta, honey, raisins, olives",Worcestershire Pear Tree,"blue cheese, pear, chestnut, potato, truffle oil"
11,3,Sura,IN,Middle Eastern Inspired Soda Bread,"za'atar, olives, mixed dried fruits, walnuts",Mama's Tomato Vine Harvest Loaf,"olive, sun-dried tomato, feta cheese"
11,4,Dave,IN,Honeycomb Explosion Brownies,"honeycomb, popping candy, milk chocolate ganache",Strawberry Splash White Chocolate Fraisier Cake,"strawberry , white chocolate, white chocolate crème mousseline, amaretto, almond liqueur"
11,4,Hermine,IN,"Raspberry, White Chocolate & Pistachio Brownies","white chocolate, raspberry, pistachio, chocolate, coffee","	Lemon & White Chocolate Cake","white chocolate, ganache, lemon syrup, lemond curd, itallian meringue buttercream, vanilla extract"
11,4,Laura,IN,Salted Caramel Brownie S'mores,"chocolate, hazelnut, salted caramel, italian meringue",Chocolate Heaven Cake,"white chocolate, italian meringue buttercream, blackcurrant jam"
11,4,Linda,IN,Treats of Christmas Past',"white chocolate, chopped mixed nuts, date, pistachio, turkish delights",English Rose Cake,"modeling chocolate, vanilla mascarpone cream, amaretto raspberry jam"
11,4,Loriea,OUT,NA,NA,NA,NA
11,4,Lottie,IN,Have Your Cake and Eat It' Brownies,"chocolate, pecan, raspberry cheesecake, raspberry",Nana and Papa's Sapphire Anniversary Cake,"white chocolate, passion fruit curd, lime drizzle"
11,4,Makbul,OUT,NA,NA,NA,NA
11,4,Marc,IN,Praline Brownies,"roasted macadamia nuts, praline buttercream, chocolate",White Chocolate & Raspberry Buttercream Celebration Cake,"white chocolate, raspberry swiss meringue buttercream"
11,4,Mark,STAR BAKER,"	'Gimmie S'mores' Brownies","chocolate chip cookie, italian meringue, caramelised cranberries",A Bake Off Birthday',"white chocolate, marul fruit liqueur, ground pistachios, lemon"
11,4,Peter,IN,Upside Down Brownies,"figs, pistachios, cinnamon, chocolate, medjool dates",Graduation Cake,"white chocolate, mango curd, coconut, yoghurt, chantilly whipped cream, chocolate"
11,4,Rowan,OUT,NA,NA,NA,NA
11,4,Sura,OUT,Double Chocolate Marshmallow Brownies,"dark chocolate, ruby chocolate, italian meringue",Strawberry & White Chocolate Celebration Cake,"chocolate, white chocolate, buttercream, strawberry and lemon jam"
11,5,Dave,IN,Thai Basil Chicken Pasties,"thai basil, chilli, chicken, jasmine rice","Chocolate, Mango and Lime Tart","chocolate, mango, lime, tequila"
11,5,Hermine,IN,Moroccan Tagine Pasties,"raisins, lemon, lamb tagine, chickpea",Lime Confit and Lemon Meringue Tart,"lemon curd, lime jelly, italian meringue"
11,5,Laura,STAR BAKER,Proper Tasty Pasties,"onion, cheddar, leeks, cream, dijon mustard, thyme",Kent Garden Tart,"italian meringue, key lime filling, ginger"
11,5,Linda,OUT,Spicy Indian Pasties,"spiced chicken, potato, coriander",Gypsy Tart,"chocolate, coffee, brandy, rosewater, vanilla"
11,5,Loriea,OUT,NA,NA,NA,NA
11,5,Lottie,IN,Toad-In-The-Hole-Less Pasties,"mashed potato, sausage, onion, sage, fennel gravy",Apple Tree Tart,"apple puree, caramelised apple, boozy apple slices, toffee popcorn crème diplomat"
11,5,Makbul,OUT,NA,NA,NA,NA
11,5,Marc,IN,Cornish Fish Pasties,"asparagus, monkfish, samphire",Posh Apple & Blackberry Pie,"blackberry jam, caramelised apple, chocolate cremeux, chocolate, sesame, glazed blackberries"
11,5,Mark,IN,Aloo Gobi Pasties,"aloo gobi, paneer cheese, tumeric, cumin, coriander, ginger, garlic, cauliflower",Mes-SAGE in a Bottle,"pear, sage, ginger, pear jam, ginger crème patissiere"
11,5,Peter,IN,Kedgeree Pasties,"haddock, white basmati rice, petit pois, boiled egg",Blackberry & Lemon Tart,"hazelnut, blackberry curd, caramelised nuts, lemon"
11,5,Rowan,OUT,NA,NA,NA,NA
11,5,Sura,OUT,NA,NA,NA,NA
11,6,Dave,IN,Chicken Shaped Katsu Curry Buns,"tumeric, chicken, katsu curry sauce",Matcha Shiba Inu Cake,"chocolate, match powder, rosewater, apple jam, vanilla buttercream"
11,6,Hermine,IN,Chicken Nikuman Panda Buns,"oyster sauce, spiced chicken, shitake mushroom, chilli",Strawberry Cherry Blossom Cake,"vanilla, strawberries, marshmallow fondant"
11,6,Laura,IN,Piggy Pork Belly Buns,"caramelised pork belly, hoisin, oyster sauce, sake, honey",Upside Down Pineapple Cake,"pineapple, coconut swiss meringue buttercream, lime and yuzu curd"
11,6,Linda,OUT,NA,NA,NA,NA
11,6,Loriea,OUT,NA,NA,NA,NA
11,6,Lottie,IN,Cheeseburger Steamed Buns,"beef, sun-dried tomato, gherkin, bacon, cheese, onion",Into the Japanese Woods,"lime, cherry cream, whisky fudge, black cherries"
11,6,Makbul,OUT,NA,NA,NA,NA
11,6,Marc,IN,Hmmmm Dhal' Steamed Buns,"mango, onion, smoked paprika, apple, lentil",Hamish the Dog Cake,"lemon swiss meringue buttercream, fondant, honey, tahini, ginger, soy bean powder"
11,6,Mark,OUT,Burger Buns,"gherkin, beef, onion, cheese, tomato puree",'Avo Baby',"avocado, marshmallow fondant, ruby chocolate, buttercream"
11,6,Peter,IN,Lamb Steamed Buns,"fish sauce, soy sauce, honey, cumin, lamb, garlic, ginger, chilli, coriander, spring onion, lamb cabbage",Dizzy the Shuttlecock,"asian pears, chestnut cream, white chocolate"
11,6,Rowan,OUT,NA,NA,NA,NA
11,6,Sura,OUT,NA,NA,NA,NA
11,7,Dave,IN,Novel Quiches,"potato, scrambled egg, sausage, beef, avocado",Tiramisu,"coffee ice cream, chocolate, almond liqueur, coffee ice cream, almond ice cream"
11,7,Hermine,STAR BAKER,Classic Quiches,"spinach, mushroom, salmon, leek, dijon mustard, gruyere cheese",Holiday Ice Cream Cake,"mango ice cream, coconut ice cream, palet breton, raspberry coulis"
11,7,Laura,IN,Pea & Pizza Quiches,"calabrian sausage, asparagus, nduja paste, mint, petit pois, goats cheese",Death by Chocolate,"salted caramel praline ice cream, chocolate ganache, brownie ice cream, chocolate, meringue"
11,7,Linda,OUT,NA,NA,NA,NA
11,7,Loriea,OUT,NA,NA,NA,NA
11,7,Lottie,OUT,English Breakfast & Summer Salad Quiches,"sausage, tomato, black pudding, baked beans, beetroot, walnut, goats cheese",80's Mix Tape',"chocolate ice cream, puffed rice, cherry jelly, blackberry mousse"
11,7,Makbul,OUT,NA,NA,NA,NA
11,7,Marc,IN,Cornish Quiches,"cod, cornish blue, haddock, davidstow cheddar, spelt, asparagus",Retro Ice Cream Parlour,"honey and hazelnut ice cream, blackberry mousse, butterscotch and pecan ice cream, chocolate joconde"
11,7,Mark,OUT,NA,NA,NA,NA
11,7,Peter,IN,Thai Curry & Salmon Quiches,"salmon, capers, white crab meat, chillies, asparagus, onions, coconut curry",Christmas Cake Surprise',"marzipan, italian meringue, brandy ice cream, christmas cake ice cream, chocolate, brandy snap"
11,7,Rowan,OUT,NA,NA,NA,NA
11,7,Sura,OUT,NA,NA,NA,NA
11,8,Dave,IN,Celebration of Citrus' Cheesecakes,"lemon, orange and passion fruit jelly, lime meringue, orange zest, orange juice",Newquay Beach Scene,"apple jelly, guava jelly, clotted cream mousse, chocolate fudge, cocoa powder"
11,8,Hermine,STAR BAKER,Passion Fruit Cheesecakes,"cinnamon, passion fruit jelly, meringue, lime zest","	Chocolate and Raspberry Mousse Jelly Cake","chocolate, kirsch syrup, chocolate mousse, strawberry mousse, white chocolate ganache"
11,8,Laura,IN,Passion Fruit Cheesecakes,"honey, oat, vanilla, passion fruit curd, passion fruit extract",Flower Power' Koi Jelly Art Cake,"raspberry mousse, white chocolate bavarois, jelly"
11,8,Linda,OUT,NA,NA,NA,NA
11,8,Loriea,OUT,NA,NA,NA,NA
11,8,Lottie,OUT,NA,NA,NA,NA
11,8,Makbul,OUT,NA,NA,NA,NA
11,8,Marc,OUT,New York Style Vanilla & Mascarpone Cheesecakes,"pecans, glazed apricots, almond, praline, vanilla mascarpone",Apple Jelly with Chocolate and Strawberry Mousse,"panna cotta, apple jelly, chocolate mousse, strawberry mousse, hazelnut meringue"
11,8,Mark,OUT,NA,NA,NA,NA
11,8,Peter,IN,Lime & Ginger Cheesecakes,"lime curd, toasted oat, gingernut, crystallised ginger, lime",Snow Globe Jelly Cake,"orange extract, cranberry extract"
11,8,Rowan,OUT,NA,NA,NA,NA
11,8,Sura,OUT,NA,NA,NA,NA
11,9,Dave,IN,"Honey Tequila, Passion Fruit & Mango Savarins","honey tequilla, mango and passion fruit curd, honey and cocoa chantilly cream, chocolate",Celebration of Chocolate Cube Cake,"chocolate mousse, white chocolate, milk chocolate, dark chocolate, caramel, coffee, hazelnut"
11,9,Hermine,OUT,Creme ét Abricot Baba au Rhum,"vanilla crème patissiere, apricot glaze, chantilly cream, chocolate",,"freeze-dried raspberries, coffee and praline mousse, joconde sponge, cherry sponge"
11,9,Laura,IN,"	Poached Pineapple, Kiwi and Passion Fruit Rum Babas","pineapple, kiwi, passion fruit, rum syrup, chantilly cream",Black Forest Cube Cakes,"dark chocolate, dark chocolate mousse, cherry, kirsch, white chocolate bavois"
11,9,Linda,OUT,NA,NA,NA,NA
11,9,Loriea,OUT,NA,NA,NA,NA
11,9,Lottie,OUT,NA,NA,NA,NA
11,9,Makbul,OUT,NA,NA,NA,NA
11,9,Marc,OUT,NA,NA,NA,NA
11,9,Mark,OUT,NA,NA,NA,NA
11,9,Peter,STAR BAKER,Strawberry & Elderflower Babas,"elderflower syrup, strawberries, strawberry crème diplomat, elderflower and lemon crème diplomat","	Chocolate, Raspberry & Pistachio Cube Cakes","chocolate, freeze-dried raspberry, pistachio praline, chocolate mousse, raspberry mousse, pistachio mousse"
11,9,Rowan,OUT,NA,NA,NA,NA
11,9,Sura,OUT,NA,NA,NA,NA
11,10,Dave,Runner-up,Caramel Latte' Custard Slice,"coffee custard, caramel, hazelnut",Tower to Redemption,"amaretto syrup, strawberry, crème mousseline, chocolate, raspberry crème patissiere, brownies, macadamia nuts, white chocolate"
11,10,Hermine,OUT,NA,NA,NA,NA
11,10,Laura,Runner-up,Yuzu Custard Slice,"chantilly cream, yuzu custard, raspberry, lemon and coconut gel, lime juice",Rainbow Dessert Tower,"carrot, walnut, orange and cinnamon cream cheese frosting, chocolate, spices, lemon, lime"
11,10,Linda,OUT,NA,NA,NA,NA
11,10,Loriea,OUT,NA,NA,NA,NA
11,10,Lottie,OUT,NA,NA,NA,NA
11,10,Makbul,OUT,NA,NA,NA,NA
11,10,Marc,OUT,NA,NA,NA,NA
11,10,Mark,OUT,NA,NA,NA,NA
11,10,Peter,WiNNER,Cranachan Custard Slice,"raspberry crème patissiere, whiskey crème patissiere, caramelised oat",Bonkers Bake Off Bubble Cake,"puffed rice, spiced friands, chocolate, orange, strawberry, lemon and blackberry crème diplomat, strawberry cream"
11,10,Rowan,OUT,NA,NA,NA,NA
11,10,Sura,OUT,NA,NA,NA,NA